"","Variable","True","Mean","SD"
"1","id",0,8.57708837193121e-05,8.58594271404101e-06
"2","c.1",0,0.34406513719631,0.00936059413200447
"3","c.2",0,0.119775557333634,0.0106118847720796
"4","x.1",1,0.719041095839731,0.00343026805303676
"5","x.2",1,0.699092638502148,0.0158522546667137
"6","x.3",1,0.882494671725798,0.00614198956403324
