"","Variable","True","Mean","SD","BiasMean","BiasSD"
"1","id",0,0,0,0,0
"2","c.1",0,0,0,0,0
"3","c.2",0,0,0,0,0
"4","x.1",1,0.999353675429877,0.00399844091743454,-0.000646324570122775,0.00399844091743454
"5","x.2",1,1.00800344385736,0.00571274076979736,0.00800344385736119,0.00571274076979736
"6","x.3",1,0.990054732285897,0.00750449744503829,-0.00994526771410313,0.00750449744503829
