"","Variable","True","Mean","SD"
"1","id",0,0,0
"2","c.1",0,0,0
"3","c.2",0,0,0
"4","x.1",1,0.999753209503639,0.00910459586409585
"5","x.2",1,1.00008025070444,0.00956838120341302
"6","x.3",1,0.999899850459881,0.00292462918160163
