"","Variable","True","Mean","SD"
"1","id",0,-4.73225363788011e-08,7.99606327928913e-07
"2","c.1",0,-1.51133221724784e-05,0.000656711006060502
"3","c.2",0,5.96134784310816e-06,0.00047407597961604
"4","x.1",1,1.00016852484971,0.00400086938078746
"5","x.2",1,1.0001929166133,0.0121614139504882
"6","x.3",1,1.00021726224811,0.00855052072066101
