"","Variable","True","Mean","SD"
"1","id",0,0,0
"2","c.1",0,0,0
"3","c.2",0,0,0
"4","x.1",1,0.968563571488462,0.0040448552265466
"5","x.2",1,1.03036582362718,0.00572890126810931
"6","x.3",1,0.967700063120021,0.00752589018959073
