"","Variable","True","Mean","SD"
"1","id",0,9.40821613017048e-05,8.57742341027205e-06
"2","c.1",0,0.259036565861627,0.010018874917692
"3","c.2",0,0.130612034403674,0.00992817834498269
"4","x.1",1,0.574541929406309,0.00314051976760626
"5","x.2",1,1.08965032524444,0.007436828111602
"6","x.3",1,0.755622526354663,0.00778494951220093
