"","Variable","True","Mean","SD"
"1","id",0,6.07019846584881e-05,2.89913982374628e-06
"2","c.1",0,0.144935285868612,0.00360305434886232
"3","c.2",0,0.10369226523158,0.00366291147262522
"4","x.1",1,1.38717952555944,0.0235987593156936
"5","x.2",1,0.714095564509407,0.00933182200487576
"6","x.3",1,0.82003400235914,0.00230951148513309
