"","Variable","True","Mean","SD"
"1","id",0,0,0
"2","c.1",0,0.0172601685532186,0.00360090694037277
"3","c.2",0,0,0
"4","x.1",1,0.925300115482397,0.00968555653416088
"5","x.2",1,0.908473050130205,0.00977288245542672
"6","x.3",1,0.997538684605367,0.00211657092770242
