"","Variable","True","Mean","SD","BiasMean","BiasSD"
"1","id",0,0,0,0,0
"2","c.1",0,0,0,0,0
"3","c.2",0,0,0,0,0
"4","x.1",1,0.997881864849833,0.0586952953049515,-0.00211813515016702,0.0586952953049515
"5","x.2",1,0.99999463377188,0.0213077516597179,-5.36622811987853e-06,0.0213077516597179
"6","x.3",1,1.00016840436475,0.00590688827854881,0.000168404364748706,0.00590688827854881
