"","Variable","True","Mean","SD"
"1","id",0,0,0
"2","c.1",0,0.00919037753305857,0.00525966398902078
"3","c.2",0,0,0
"4","x.1",1,0.977389785018622,0.0334487849444351
"5","x.2",1,0.885924776015453,0.00991605517415185
"6","x.3",1,1.0015853682078,0.00214783442245514
