"","Variable","True","Mean","SD","BiasMean","BiasSD"
"1","id",0,9.42711521470495e-05,1.88404204690447e-05,9.42711521470495e-05,1.88404204690447e-05
"2","c.1",0,0.259433790742046,0.0220012452209916,0.259433790742046,0.0220012452209916
"3","c.2",0,0.131615746463748,0.0225500273506656,0.131615746463748,0.0225500273506656
"4","x.1",1,0.574349144411782,0.00654752379835205,-0.425650855588218,0.00654752379835205
"5","x.2",1,1.08961813307396,0.0156946753359618,0.0896181330739556,0.0156946753359618
"6","x.3",1,0.755455897502563,0.0161914422458482,-0.244544102497437,0.0161914422458482
