"","Variable","True","Mean","SD","BiasMean","BiasSD"
"1","id",0,8.55452869460193e-05,1.89842791416015e-05,8.55452869460193e-05,1.89842791416015e-05
"2","c.1",0,0.344744921082229,0.0199499534131258,0.344744921082229,0.0199499534131258
"3","c.2",0,0.119706489991811,0.0224649893935152,0.119706489991811,0.0224649893935152
"4","x.1",1,0.718685456815464,0.00736808516890968,-0.281314543184536,0.00736808516890968
"5","x.2",1,0.69861456949288,0.0332830666207319,-0.30138543050712,0.0332830666207319
"6","x.3",1,0.88195339632303,0.0129412672521342,-0.11804660367697,0.0129412672521342
