"","Variable","True","Mean","SD","BiasMean","BiasSD"
"1","id",0,2.51254123960759e-07,1.07126651517772e-05,2.51254123960759e-07,1.07126651517772e-05
"2","c.1",0,0.000428179396659163,0.0176847784918448,0.000428179396659163,0.0176847784918448
"3","c.2",0,-9.87812556835187e-05,0.0122576372307041,-9.87812556835187e-05,0.0122576372307041
"4","x.1",1,0.999839945428204,0.00876913641726926,-0.000160054571796342,0.00876913641726926
"5","x.2",1,0.9991461930276,0.048131245104015,-0.000853806972399633,0.048131245104015
"6","x.3",1,0.999529820018696,0.0191075846840064,-0.000470179981303976,0.0191075846840064
