"","Variable","True","Mean","SD"
"1","id",0,0,0
"2","c.1",0,0.0534688670214711,0.0178708120873729
"3","c.2",0,8.61285113479075e-07,1.73670535740891e-05
"4","x.1",1,0.980010608256236,0.00400514730116956
"5","x.2",1,0.89777023369674,0.0302913449045039
"6","x.3",1,1.00214120489221,0.0059854512679323
