"","Variable","True","Mean","SD","BiasMean","BiasSD"
"1","id",0,6.04304703313083e-05,6.8100079610823e-06,6.04304703313083e-05,6.8100079610823e-06
"2","c.1",0,0.145673656136669,0.00794873137801396,0.145673656136669,0.00794873137801396
"3","c.2",0,0.103344763998624,0.00811224909458116,0.103344763998624,0.00811224909458116
"4","x.1",1,1.38584658097914,0.0514244201388176,0.385846580979135,0.0514244201388176
"5","x.2",1,0.714420659019138,0.0199056135972832,-0.285579340980862,0.0199056135972832
"6","x.3",1,0.819956615429774,0.00504174981362624,-0.180043384570226,0.00504174981362624
