"","Variable","True","Mean","SD"
"1","id",0,4.41838219066802e-09,4.07652996652128e-07
"2","c.1",0,3.47768342984803e-08,1.09974006193462e-06
"3","c.2",0,9.08054023011819e-06,0.000523426535044437
"4","x.1",1,0.99996178501625,0.00400212343845334
"5","x.2",1,0.999925222342726,0.0186695003400226
"6","x.3",1,0.999609643066282,0.00828673960092756
