"","Variable","True","Mean","SD","BiasMean","BiasSD"
"1","id",0,6.52913226082714e-05,6.91657703974456e-06,6.52913226082714e-05,6.91657703974456e-06
"2","c.1",0,0.216331106136879,0.0078019944068053,0.216331106136879,0.0078019944068053
"3","c.2",0,0.0900982970493143,0.00797586809097608,0.0900982970493143,0.00797586809097608
"4","x.1",1,0.728442584349035,0.0200672682471204,-0.271557415650966,0.0200672682471204
"5","x.2",1,0.712563289880001,0.0211576726812408,-0.287436710119999,0.0211576726812408
"6","x.3",1,0.830247083782739,0.00477247678679655,-0.169752916217261,0.00477247678679655
