"","Variable","True","Mean","SD","BiasMean","BiasSD"
"1","id",0,0,0,0,0
"2","c.1",0,0,0,0,0
"3","c.2",0,5.9878974190012e-07,1.34334792532884e-05,5.9878974190012e-07,1.34334792532884e-05
"4","x.1",1,0.999961633200872,0.021194321260065,-3.83667991284554e-05,0.021194321260065
"5","x.2",1,0.999646751212716,0.02261820149907,-0.000353248787283936,0.02261820149907
"6","x.3",1,1.00030044911612,0.00598010674727297,0.000300449116119865,0.00598010674727297
